0.3935068192461566,0.9662125667400799,"DT"
0.19926304417012608,0.9216490625994368,"DT"
0.1386701252350195,0.6802981153603893,"DT"
0.2041093027598844,0.8061305201275117,"DT"
0.23602572638540387,0.7461469842837924,"DT"
0.024893786805719076,0.5684590089849515,"DT"
0.22956228427766806,0.6606367874316738,"DT"
0.026353871660355743,0.5758336102087253,"DT"
0.2233795473270732,0.8051086242799048,"DT"
0.2617876652372314,0.9437436591333893,"DT"
0.3428166352626705,1.0134194080942254,"DT"
0.2314280100449264,0.9353608480965141,"DT"
0.27585956668116407,0.8290336924635109,"DT"
0.21319214274321033,0.8763798492423556,"DT"
0.08720831679462082,0.6783670763967123,"DT"
0.2426535706925918,0.7531548777915215,"DT"
0.26305099202812326,0.8466988562675151,"DT"
0.05677389321215992,0.6801775332583359,"DT"
0.42946180180440047,0.9943477674625534,"DT"
0.3102491680213424,0.7989765120853936,"DT"
0.16351854396641594,0.8774690026099962,"DT"
-0.0941714535813406,0.43345076722331694,"DT"
0.24502355598817524,0.7354077825651258,"DT"
0.26176600584894766,0.6632869377374293,"DT"
0.1879940863701748,0.734160368922046,"DT"
0.18262765448373386,0.7184304224223703,"DT"
0.2155123575280686,0.8154539041162293,"DT"
0.15069340170622084,0.7963986343695127,"DT"
0.32493355243502914,0.8052854719950384,"DT"
0.03621959594417998,0.6531883157692013,"DT"
0.2226385789173811,0.7521043762788516,"DT"
0.3016640753361413,0.947081692103838,"DT"
0.024140589799733325,0.7123506559958291,"DT"
0.08111417348393238,0.7472576062188694,"DT"
0.2867311646777734,0.8333715916777091,"DT"
0.23128247213615974,0.9118747561273631,"DT"
0.33631293294393194,0.8617685319017949,"DT"
0.2267860748210966,0.7992647747035524,"DT"
0.17931767566840576,0.728874542588953,"DT"
0.18390833080465926,0.7251911946797577,"DT"
0.3527448883533652,1.139412611991769,"DT"
0.3842229580332086,0.8511459906896284,"DT"
0.3978935469842538,0.8573988439793715,"DT"
-0.0396898356782652,0.684013363686717,"DT"
0.3527503309400998,0.9591513962252449,"DT"
0.2928231105647499,0.9352694447318439,"DT"
0.3007874187207792,0.9535856654849015,"DT"
0.3468171735386832,1.0008363569899807,"DT"
0.13361745147522763,0.7658980313649705,"DT"
0.19128729207615455,0.8012395464283715,"DT"
0.14122067016751882,0.7178060000722242,"DT"
0.2283878863592028,0.8354395411974969,"DT"
-0.0050424193724629696,0.7165062270252105,"DT"
0.09285671911862868,0.8214188464988996,"DT"
0.3064360283286566,0.9411488976220983,"DT"
0.02336189664825039,0.5538869290529574,"DT"
0.18773900196169901,0.749416983340562,"DT"
0.2135556475769988,0.8924590313030696,"DT"
0.26508213852330625,0.9122277215087966,"DT"
0.19160361502415268,0.6802404289834917,"DT"
0.23473674533073435,0.7304322382487926,"DT"
0.0224109813718531,0.6630964302282019,"DT"
0.22836590275182808,0.8214124160922633,"DT"
0.3071246394410621,0.7993199323094045,"DT"
0.08605985259750926,0.6563255993241086,"DT"
0.19901017281782374,0.5950410707368632,"DT"
0.31615936443027576,0.9152154923532214,"DT"
0.01321876207218911,0.5801974521597767,"DT"
0.14746772485712442,0.8411827944335201,"DT"
0.3723813001196515,0.8929097561671555,"DT"
0.09831182631744993,0.6325884966606904,"DT"
0.13382491838425328,0.6458467677401825,"DT"
0.42350544841130455,0.8650000210429072,"DT"
0.06476723743712268,0.6799873625674671,"DT"
0.31250814341131483,0.8546060743681041,"DT"
0.22421770187568552,0.9066622169445477,"DT"
0.20860721285189956,0.6315944420951195,"DT"
0.11332327494999371,0.750104129093735,"DT"
0.13522138728567612,0.6466383210672981,"DT"
-0.008835404879719094,0.6126564915807475,"DT"
0.14508940332219872,0.6063046646064578,"DT"
0.12526792095065487,0.894108697821874,"DT"
0.24493298530401889,0.6930600172496932,"DT"
0.26089373310945607,0.7160322174073201,"DT"
0.091521930651185,0.6347451316818415,"DT"
0.30943882407252055,1.06278593059219,"DT"
0.18926673362388646,0.721672749021887,"DT"
0.13387890637989686,0.7309650958166348,"DT"
0.14534941436005452,0.7358689482323305,"DT"
0.24945534982884598,0.8475521242076627,"DT"
0.1460299622044076,0.722901499720512,"DT"
0.25721266970581913,0.6662215535466627,"DT"
0.021663195722438078,0.8033375876082799,"DT"
0.20545646802422868,1.012378196333299,"DT"
0.22716106965633454,0.7798935818324019,"DT"
0.37840596405631,0.9626251318875934,"DT"
0.3220600012288283,0.9085427074097924,"DT"
0.08789931243910812,0.7433042978045509,"DT"
0.15934970170054188,0.913438287738062,"DT"
0.15563929090704756,0.7518710920456871,"DT"
0.09281003071817216,0.7390440030452192,"DT"
0.299535865614149,0.7842882378565821,"DT"
0.15672338983078826,0.7216020705111384,"DT"
0.10751646526686279,0.7601417060772823,"DT"
0.24345744112395656,0.755386386383043,"DT"
0.1883246619337797,0.840657994906036,"DT"
0.31651420727971996,0.8481744960871225,"DT"
0.1314251938160601,0.6925192596468144,"DT"
0.03150009040691884,0.6563094325555179,"DT"
0.25142709151146203,0.656574967940567,"DT"
0.07172485904278858,0.7530134072168101,"DT"
0.23362816546316387,0.8103002698005755,"DT"
0.27033823138901836,0.9972602755655992,"DT"
0.43483485195241317,0.843030523751579,"DT"
0.08107199893310782,0.6569285656799425,"DT"
0.39491497924437213,0.7539766877841062,"DT"
0.19783677010952805,0.9704080037359848,"DT"
0.2933664274136997,1.0454795872358036,"DT"
0.43750715531300594,0.8951422541435508,"DT"
0.12685953270881728,0.7641347053457269,"DT"
0.3566494992605797,0.9398286630711703,"DT"
0.11782172942846512,0.8490645560413083,"DT"
0.35282628561143115,0.9982187797406277,"DT"
0.1633245265433837,0.7748310028754164,"DT"
0.2596741542558898,0.990135773247098,"DT"
0.31716737506154336,0.9066072740682585,"DT"
0.21690897652919996,0.6920951713388193,"DT"
0.1046192847756969,0.6825567832234166,"DT"
0.2102945146194667,0.7315666736012724,"DT"
0.18074206575423296,0.808100708297374,"DT"
0.22160817224970303,0.7943352019158667,"DT"
0.2533268929626081,0.7849117518850195,"DT"
0.13667728223450365,0.8852891804498988,"DT"
0.28172935973672086,0.836859752255025,"DT"
0.2880822391959037,0.8060423939462563,"DT"
0.2861447328390141,0.8702441258600624,"DT"
0.2347750029742023,0.8194923725357632,"DT"
0.21953327822845417,0.7115939314585804,"DT"
0.08671794362098813,0.7831187275311768,"DT"
0.12799520585468357,0.635154050197321,"DT"
0.1277871468503619,0.7608291702190246,"DT"
0.20540071674240548,0.70583421337726,"DT"
-0.009935614017432648,0.5729656140098474,"DT"
0.006970519964096811,0.5820059725087707,"DT"
0.20019985179473118,0.7173253269723255,"DT"
0.2949506731100979,0.9055096970229699,"DT"
0.08006581525323118,0.6772318716555238,"DT"
0.11090801750275593,0.6409233017368619,"DT"
0.40566355298002493,0.8960888106059577,"DT"
0.0972488708906208,0.6061374959093325,"DT"
0.19145182323240964,0.8019858756976922,"DT"
0.24849008532966863,0.8406406658040296,"DT"
0.23802638446262012,0.8694324714734679,"DT"
0.2161089676927802,0.8184594334884923,"DT"
0.1564761391244054,0.6171595910386646,"DT"
0.2564822927711806,0.8759087070867974,"DT"
0.1584644993448008,0.6894410929150679,"DT"
0.22296295381714124,0.8380289325837273,"DT"
0.23662114411940632,0.8248954363868995,"DT"
0.18082142432848383,0.8864626270416709,"DT"
0.07713613082774484,0.6972101111243657,"DT"
0.1788976235252856,0.8895299375590777,"DT"
0.17175393316176923,0.9127165099429898,"DT"
0.09428579948689553,0.8129510204330048,"DT"
0.15066479679689346,0.6730098304678471,"DT"
0.32987827662962715,0.964188277658971,"DT"
0.4005586236903971,1.0093163428483953,"DT"
0.035762988903773996,0.7194297438524855,"DT"
0.2817372107468368,0.8733098640369484,"DT"
0.3394283090224949,0.9715428908206543,"DT"
0.33053085379057456,0.9020535843110887,"DT"
0.10992904944189397,0.7374601912868032,"DT"
0.32494944870780035,0.8991514006196564,"DT"
0.202328922555191,0.6830062699428845,"DT"
0.30944439222688436,0.9630508106462017,"DT"
0.1438216624672184,0.7499869677727563,"DT"
0.25973675420084363,0.8248499986365915,"DT"
0.16555804671482105,0.7836378311435929,"DT"
0.1131599530004408,0.6861105214544718,"DT"
0.2910877099574569,0.7937945575954036,"DT"
0.2699146992386638,0.6030264541666128,"DT"
0.11690731738719863,0.725537371797801,"DT"
0.15730864913807602,0.7473429157673369,"DT"
0.29840270465583607,0.8701818558880672,"DT"
0.20215001724880358,0.8086345739721833,"DT"
0.23983942108279238,0.8294981971443844,"DT"
0.22180783176541036,0.8784668192456526,"DT"
0.2764794745615195,0.9084392983645339,"DT"
0.321295608415366,0.7012773603706257,"DT"
0.21277723644489202,0.7454765453601451,"DT"
0.08808032654801973,0.6293433309500751,"DT"
0.0496638446746423,0.6938775020150274,"DT"
0.19913872065690677,0.7788889818441193,"DT"
0.3199707031357479,0.900629562084632,"DT"
0.05788699904829803,0.572058043059438,"DT"
0.17508634547840118,0.8019536060143704,"DT"
0.22350461890618606,0.8363996433425005,"DT"
0.19265128028210798,0.8992156133398101,"DT"
0.25747982233626326,1.059825370022086,"DT"
0.09250431674981013,0.6882136697363599,"DT"
0.05986371831825185,0.6753156032422446,"DT"
0.037706478921831044,0.6825177901727424,"DT"
0.2042900933906834,0.8109408807973807,"DT"
0.3109757537908269,0.9300431804662895,"DT"
0.20017958932767452,0.8303512850607415,"DT"
0.2118343374536932,0.8686717801782053,"DT"
0.13522426565803947,0.8153031809942743,"DT"
0.05105591702507467,0.6368259127900432,"DT"
0.2756883039651315,0.8363107094961317,"DT"
0.1751245802431901,0.7190192681560246,"DT"
0.11214504049209771,0.7591324245618924,"DT"
0.25233012008143346,0.8338281878891435,"DT"
0.27489124361940537,0.8343980118288599,"DT"
-0.04029503493433734,0.552311293209615,"DT"
0.16219020574017984,0.9542383486574743,"DT"
-0.02711853711066231,0.6356736707990044,"DT"
0.12122862009199155,0.7639474275227439,"DT"
0.2652482747537415,0.9755336412259998,"DT"
0.12062303915589617,0.6788770335065294,"DT"
0.2397951514779766,0.8382309829791041,"DT"
0.29060065709334876,0.8079427918463578,"DT"
0.22098739856362068,0.8214284342516991,"DT"
0.2667224536853268,1.0171852864111275,"DT"
0.1275567171031098,0.6363335789284519,"DT"
0.29203398078507703,0.9461140044249093,"DT"
0.1912113590163274,0.7270379214511453,"DT"
0.09266569083834522,0.6618387272978922,"DT"
0.044854383386992575,0.7365194028795149,"DT"
0.20106392850852706,0.8370140496315929,"DT"
0.10086282655755827,0.7473898602669793,"DT"
0.3222323286339619,0.9118632653539405,"DT"
0.1356746211011879,0.7203690720576849,"DT"
0.24916736316265697,0.8623994551620816,"DT"
0.2469534668000996,0.7805340688635283,"DT"
0.22089380686507984,0.7246483287676666,"DT"
0.3375132266673422,0.9033380291834299,"DT"
0.355968594632074,0.9882807853883625,"DT"
0.2267955663457465,0.8030647225285377,"DT"
0.03575226701900097,0.6783019742418511,"DT"
-0.01623829722764053,0.794586359328258,"DT"
0.27007512486189716,0.8870333028388109,"DT"
0.04133030305288926,0.6274612178627501,"DT"
0.1601077632473725,0.7365733319671992,"DT"
0.1559281276838545,0.8386863307865485,"DT"
0.1513857109256023,0.6916714340625476,"DT"
0.28339519538454067,0.6394235607284635,"DT"
0.2752772088967667,0.8364393458800589,"DT"
0.1675760586501724,0.8330444025322649,"DT"
0.06493840125650338,0.8633974943550741,"DT"
0.18743593733414116,0.7889031828086609,"DT"
0.22661451904960328,0.8256698161955611,"DT"
0.3902424526230712,0.7864943804273834,"DT"
0.36262045055804604,0.9684341522639555,"DT"
0.193954876857288,0.6284150902781798,"DT"
0.1200177282169843,0.6669201176712798,"DT"
0.16891580579481463,0.7459782325548066,"DT"
0.030353392736823498,0.7225457519183331,"DT"
0.26935197295686264,0.8756221073271198,"DT"
0.25515525761907987,0.7764515783784692,"DT"
0.37552649126049453,0.8131419596221198,"DT"
0.15973015025383291,0.7180072404567266,"DT"
0.28220721735944276,0.9163828508781022,"DT"
0.10385606055298795,0.769201266616455,"DT"
0.34266159064084745,0.9180904302762575,"DT"
0.09851394510113864,0.6889490775897857,"DT"
0.08164980419929267,0.6713680126841937,"DT"
0.2492242455779726,0.8398471419701382,"DT"
0.09442053604259477,0.6710519584151566,"DT"
0.21745342532379514,1.0506251545799832,"DT"
0.18453308279293182,0.7049092383157223,"DT"
0.33152221406574156,0.8666820741921843,"DT"
0.09832107053720252,0.8239708211419613,"DT"
0.06382461120012248,0.7175477546330229,"DT"
0.19349813084952658,0.9161388793395364,"DT"
0.26733746981765627,0.7670301665580674,"DT"
0.27892323968427596,0.8744340169763793,"DT"
0.21204981650873228,0.9334485696318566,"DT"
0.17005342799332981,0.7877097820718012,"DT"
0.2613769276867017,0.7662613161733229,"DT"
0.08585043695640088,0.8646959893031841,"DT"
0.23863449391725733,0.879003903287156,"DT"
0.3591020007306468,1.111315557960916,"DT"
0.05027941218407983,0.49172300963615273,"DT"
0.26221741448056535,0.6946251328633695,"DT"
0.16640414793652925,0.8920071909104105,"DT"
0.2784520094653606,0.8943315496960924,"DT"
0.18457228863413833,0.9396850690786497,"DT"
0.1603468985428271,0.7248372836274944,"DT"
0.2946613158113295,0.9247270244721814,"DT"
0.08885120409102504,0.7410546586343325,"DT"
0.16082638332796867,0.9634350775296869,"DT"
0.24191881970165055,0.9777273048805472,"DT"
0.09011536867946764,0.7489654999813277,"DT"
0.23194385932979436,0.6456288529616826,"DT"
0.26972668852931814,0.93963520246113,"DT"
0.003724463348619478,0.5132920893273327,"DT"
0.26356964077971545,0.7538398898955291,"DT"
0.1993373201627552,0.7660632395374232,"DT"
0.2842861153557441,0.653210714241262,"DT"
0.17728312282791625,0.7628001307234691,"DT"
0.28082300422831186,0.9430256089607851,"DT"
0.1871547062650277,0.7371927969521909,"DT"
0.19662687854098915,0.7833661398289757,"DT"
0.14820800565329034,0.724333070903231,"DT"
0.2465927651501845,0.7825702231152434,"DT"
-0.052347034520930924,0.49991267126922656,"DT"
0.1084402768596896,0.7169327960480099,"DT"
0.16024726943660927,0.6469262344799609,"DT"
0.21227621624441118,0.9258677493384242,"DT"
0.16813134180846015,0.8435729110633757,"DT"
0.19233250975388708,0.8501249998375561,"DT"
0.09080842499094705,0.6697640050005376,"DT"
0.3408996226345825,0.9518943714348329,"DT"
0.25035144878051585,0.8955642005819853,"DT"
0.22912552901079503,0.7737550508037773,"DT"
0.19803547574925737,0.8395540194968913,"DT"
0.25927511310578066,0.7790502576197303,"DT"
0.22279963701861832,0.8838444809146769,"DT"
0.11205814817527199,0.7209319184127285,"DT"
0.17295849794081727,0.648825809242549,"DT"
0.26018186514387787,0.9593646530999109,"DT"
0.09204550376071091,0.6192299187609372,"DT"
0.23977966607668502,0.9740587827866314,"DT"
0.07343371163505916,0.7444565483123496,"DT"
0.3177325396552957,0.8425863232749425,"DT"
0.1342675441016321,0.8759925911942422,"DT"
0.25824728829609506,0.8838162699684947,"DT"
0.17642683034653853,0.6762823387531882,"DT"
0.3204780181865014,0.9725332956152355,"DT"
0.18330549645309935,0.9121828124145978,"DT"
0.2538058984917414,0.9319732322054501,"DT"
0.06357882500368936,0.6689869013051477,"DT"
0.1926576480625424,0.7773810810160064,"DT"
0.26304559338373595,0.7423858965226251,"DT"
0.2099121229127147,0.6669974995777845,"DT"
0.05277251854295778,0.6765173035951004,"DT"
0.08142141150377552,0.7184473323047252,"DT"
0.30508791763368476,0.8444883767310011,"DT"
0.1984238038537994,0.7846413937419229,"DT"
0.24566032486966552,0.9576134509420791,"DT"
0.14968286512894946,0.8558270370305208,"DT"
0.329200753206344,1.081285559001143,"DT"
0.2313641794602609,0.7584005087803803,"DT"
0.17879249733560248,0.7051886733294862,"DT"
0.20000838019334166,0.7508144403651453,"DT"
0.06157914603214193,0.5029681783426658,"DT"
0.3836875713287852,0.9226595453706362,"DT"
0.10873543557778158,0.6175310744027778,"DT"
0.3827456279773992,0.9389702912720266,"DT"
0.2877980305081562,0.8711791533056714,"DT"
0.045163993644198513,0.6451806034808721,"DT"
0.19530207567504562,0.8227128795083894,"DT"
0.18992975108178686,0.7493284262997203,"DT"
0.30546765539611387,1.0279363121365699,"DT"
0.32708796201184503,0.9857510443528872,"DT"
0.13247220644846652,0.6479750671254154,"DT"
0.16588301116453394,0.7325099947587908,"DT"
0.06333758944522311,0.7697862736697011,"DT"
0.19880442555344544,0.6845371760764032,"DT"
0.16862798793216616,0.7408421114280359,"DT"
0.04841977574896472,0.6823641116110286,"DT"
0.2399132918774969,0.9006450042724218,"DT"
0.1728617623997994,0.8025316569261058,"DT"
0.2417630221178022,0.9544246802444203,"DT"
0.295952507843082,0.9632750432148336,"DT"
0.11030273693362987,0.8190443757063515,"DT"
0.09402059991350387,0.7482783871840373,"DT"
0.17424159065011643,0.639356288450288,"DT"
0.24917500264004228,0.8095524047420003,"DT"
0.22691938337358658,0.8156375438785992,"DT"
0.3328268694970856,0.9161315053447812,"DT"
0.28198614686483003,0.8693734007533699,"DT"
0.37013453847618316,0.9868222089906794,"DT"
0.2436778924479984,0.7690112499408716,"DT"
0.3373877863291568,0.7997558680782132,"DT"
0.35615407875707294,0.923983968816937,"DT"
0.2148488016417747,0.7599910042952679,"DT"
0.2391113585588758,0.7635357952549746,"DT"
0.13156478266268135,0.6793860314155149,"DT"
0.2634545257089665,0.8373678598825797,"DT"
0.13883645829490587,0.7577154508729891,"DT"
0.19813628669880504,0.7901627972779187,"DT"
0.24389526529151478,0.8396201056977601,"DT"
0.15699219050086838,0.8776744883747184,"DT"
0.11384292795799275,0.5894068351796254,"DT"
0.3190912038247451,0.8488240800505231,"DT"
0.17526631285765482,0.6838034911556238,"DT"
0.030940584946925392,0.6302313828597792,"DT"
0.3209110190875842,0.8903017921716108,"DT"
0.35816695993037045,0.836538756164084,"DT"
0.4008951755340516,1.004512556244347,"DT"
0.29295949178968184,0.8881154761859902,"DT"
0.28638510184021704,0.6970487156015601,"DT"
0.07719630410934133,0.7035263523394615,"DT"
0.3301619016704439,0.8717698015392013,"DT"
0.1832146220386451,0.7910127123487193,"DT"
0.1388059380486976,0.7486234981640201,"DT"
0.2777481958577366,0.9027198073233963,"DT"
0.24071977885554993,0.7709006359706099,"DT"
0.24284527480732204,0.9141437099609419,"DT"
0.40013869005209246,0.4535441054470216,"CE"
0.5878721159700699,0.8183075574570023,"CE"
0.4399078068015775,0.6193216343550032,"CE"
0.6113715066228217,0.7559774945814742,"CE"
0.3453240051744554,0.5436711200209274,"CE"
0.35028065956141824,0.6586349074700748,"CE"
0.29990343301209194,0.5431226136544418,"CE"
0.4554410757105501,0.5748097539378603,"CE"
0.48045531678359293,0.6707495088371496,"CE"
0.1331650100571865,0.39424536699251844,"CE"
0.28039278305434734,0.43137811707375295,"CE"
0.31261861839450433,0.5336472935613569,"CE"
0.43498792338315506,0.7093232307019265,"CE"
0.1942463549870176,0.5454692509994672,"CE"
0.33214978132510015,0.6453127182551911,"CE"
0.4270606533063033,0.6206435621903121,"CE"
0.41382192899138265,0.6544790969196905,"CE"
0.4183537971375672,0.729991338962799,"CE"
0.41331934876258486,0.5127287569119765,"CE"
0.38359103398824507,0.43438126331081994,"CE"
0.46539649875229117,0.6099121494214147,"CE"
0.36058734421711247,0.6357461198583234,"CE"
0.367106597680679,0.7403773330667534,"CE"
0.3720913860617722,0.4834288830412966,"CE"
0.66616304370124,0.9896592435043878,"CE"
0.27853764784556645,0.43823361554773616,"CE"
0.39778522407167705,0.647628469791633,"CE"
0.5310557972377677,0.7422582594997296,"CE"
0.39982894179935824,0.547822072911602,"CE"
0.23875698579143664,0.4065246329693974,"CE"
0.4407271608470627,0.607473342543325,"CE"
0.3510176809889262,0.601552212793289,"CE"
0.3709718871475566,0.5562439712067015,"CE"
0.26009859282754866,0.5497741193624354,"CE"
0.29217627240097155,0.4762002439325236,"CE"
0.42057624780224456,0.6220005088130975,"CE"
0.2575824338301409,0.41450712796396805,"CE"
0.41823557851078613,0.7521208221592143,"CE"
0.3717742642074652,0.5011215373763478,"CE"
0.47798337845231137,0.589895778889955,"CE"
0.3177469726911059,0.6235270386259399,"CE"
0.5632850221841923,0.566912087283852,"CE"
0.4876013746345826,0.654397596636529,"CE"
0.4999197809628458,0.5787753235314569,"CE"
0.5419390003756165,0.7148107228148024,"CE"
0.5269979612571842,0.5927405456122026,"CE"
0.2987406499058552,0.4545266740805057,"CE"
0.4590023107075422,0.4950382883310711,"CE"
0.2556805120846639,0.3900371488313387,"CE"
0.34697157593070604,0.43007831846596734,"CE"
0.3621377945492642,0.5974485759744336,"CE"
0.35778732041849254,0.6129204843051576,"CE"
0.3604217894087083,0.6304825457094358,"CE"
0.46991841370076226,0.5787260329896865,"CE"
0.4647909411052663,0.727566963594585,"CE"
0.4143240850725394,0.6276523587830856,"CE"
0.4740729993949569,0.5843155275896419,"CE"
0.5530055384229557,0.5726795251967395,"CE"
0.3007875525481112,0.47432442674339037,"CE"
0.5002720200301639,0.8215017662864998,"CE"
0.5013399796991633,0.7458577753688546,"CE"
0.27440459100648146,0.4419228979753578,"CE"
0.3684799098827564,0.7321520077800544,"CE"
0.406358961977994,0.48858416350715916,"CE"
0.3855521735441625,0.5687678107345342,"CE"
0.5233281369100087,0.7470178784004173,"CE"
0.4275310968193417,0.7999506729822307,"CE"
0.4632258184926649,0.7489623906187293,"CE"
0.20013581959327115,0.45582475234447056,"CE"
0.29676183542893336,0.6183342037171738,"CE"
0.46144454975876853,0.8350558922607655,"CE"
0.46911354170452807,0.6723350672993584,"CE"
0.41054969463766205,0.4546968433103651,"CE"
0.2606294608924684,0.5213667690138822,"CE"
0.2674594147251572,0.5718877792166763,"CE"
0.49777748569021385,0.635097324102506,"CE"
0.33175924120455635,0.5766540833077455,"CE"
0.44882062137934114,0.6992868066936305,"CE"
0.31195597187833074,0.5952792883272038,"CE"
0.45894492307808427,0.6084243769552923,"CE"
0.43964782137109676,0.636400881406694,"CE"
0.38591733528110744,0.5599195996774678,"CE"
0.4081743513881434,0.551985491803936,"CE"
0.28885954166841044,0.40739983147640607,"CE"
0.5247961738862981,0.74352703495591,"CE"
0.3562784981589055,0.43252334521037217,"CE"
0.5379541994526771,0.8095197813218642,"CE"
0.5276981020675708,0.7689933080251248,"CE"
0.5298795378847269,0.7315798004796901,"CE"
0.49663902654236863,0.6196143431810254,"CE"
0.5445848225791579,0.7645893248418374,"CE"
0.45417151314119436,0.6157158393090453,"CE"
0.5395830416127042,0.7144580110441844,"CE"
0.48290713451836015,0.6268436518145347,"CE"
0.40702791963304,0.6963265471432494,"CE"
0.32052306088049365,0.6113685140883162,"CE"
0.4256020425132497,0.6976861297491498,"CE"
0.5208522716541217,0.6737063895351272,"CE"
0.24363602511040933,0.4063605824530664,"CE"
0.31516358245402365,0.6593425759029038,"CE"
0.23635266716631506,0.31471246698492217,"CE"
0.42679167137618745,0.6865277457798883,"CE"
0.45386853216470047,0.7176230773300984,"CE"
0.44844228597928326,0.6683709526356005,"CE"
0.3673878501896962,0.5672511359313864,"CE"
0.24667022413325723,0.43831450721858306,"CE"
0.3663369912858208,0.46423863505754764,"CE"
0.27991386050960776,0.48287161779411936,"CE"
0.3058743322821466,0.5274404219193436,"CE"
0.35857109309669927,0.46271372162937796,"CE"
0.25930891927964705,0.4422170258763575,"CE"
0.5237380350384182,0.47340301164660015,"CE"
0.3847987364724463,0.5689202447498166,"CE"
0.2595181826831522,0.5816601593890843,"CE"
0.33335727045698504,0.43350289887767757,"CE"
0.3068118820376151,0.5806387758607905,"CE"
0.48545219663466543,0.527211390766108,"CE"
0.4205956606591886,0.6317192653761177,"CE"
0.5642687123491033,0.5195054563302082,"CE"
0.6053328810996633,0.8705949145231573,"CE"
0.37086112457367953,0.5166256455208063,"CE"
0.46018276447199125,0.5625313368192693,"CE"
0.40073360469843,0.5555146117955129,"CE"
0.4144138371144923,0.538166115291425,"CE"
0.7229900584160808,0.8568999291136286,"CE"
0.5565401756097966,0.6794565653474866,"CE"
0.5273212002324681,0.5972531131005002,"CE"
0.5892978685115722,0.7663710992667137,"CE"
0.32867451059241687,0.39261526078009606,"CE"
0.43116375745055263,0.5285448937074787,"CE"
0.37872073230765096,0.504855350802918,"CE"
0.4306550139633149,0.6091112713302583,"CE"
0.5765219091114142,0.6201769134890157,"CE"
0.5321783642870372,0.7458112621387982,"CE"
0.45011704638655914,0.7921266764432376,"CE"
0.49529197447567397,0.635752432474656,"CE"
0.27483100905322033,0.44766009638762205,"CE"
0.48571590267175085,0.6057873446627496,"CE"
0.39906717259051966,0.6022661644296214,"CE"
0.30850344531844975,0.66096736944085,"CE"
0.3514750867081019,0.36325209506795675,"CE"
0.6138701235589474,0.8014475762065354,"CE"
0.3562406944256855,0.39860431261730783,"CE"
0.38763135272482047,0.6327274133007481,"CE"
0.33123165989075387,0.5370514015030691,"CE"
0.4845156109402155,0.732788590787433,"CE"
0.4241051888322625,0.5490059316934812,"CE"
0.45504589322464123,0.6350368679429613,"CE"
0.3491204644206929,0.6167950756875011,"CE"
0.413203728903027,0.6638698186739764,"CE"
0.3739072085944033,0.5542477118352118,"CE"
0.5671678967769269,0.5640283046112712,"CE"
0.5478071945963001,0.8399031155500049,"CE"
0.39309296407677,0.621675537182851,"CE"
0.527479221007332,0.6329408352673918,"CE"
0.32921646388752457,0.604878134887839,"CE"
0.3352750179052158,0.3835947570615111,"CE"
0.462635313449649,0.5759567603608103,"CE"
0.33741068977773314,0.5853115942424449,"CE"
0.4420866534781948,0.48525857980669135,"CE"
0.43099686982411056,0.5528891514639755,"CE"
0.5975863746003708,0.9868483442280973,"CE"
0.44797866639531014,0.6172219946101299,"CE"
0.329861437751033,0.8251337390411748,"CE"
0.16948903500729295,0.35800232626048556,"CE"
0.4110781676052089,0.6109721263554455,"CE"
0.4789451617918453,0.7090159606100045,"CE"
0.4173759851374027,0.7593870481423936,"CE"
0.3616030469368936,0.5954845960065477,"CE"
0.42290927699525144,0.6524065296760848,"CE"
0.29321656854952066,0.4109778450229217,"CE"
0.47555406113768195,0.7754996163414589,"CE"
0.3987002637226002,0.643816100714192,"CE"
0.46928218139327826,0.70788053590719,"CE"
0.4549046036639843,0.7924822860736641,"CE"
0.3405550713980867,0.5359400445042991,"CE"
0.43343476501304856,0.4468267150660368,"CE"
0.30566918758648576,0.5719914035213635,"CE"
0.4569591913820107,0.49742879969328324,"CE"
0.40092837813092563,0.5939584837883617,"CE"
0.4745500683148579,0.6546977083344543,"CE"
0.3469548568020173,0.5501286190925319,"CE"
0.38618597078303324,0.610527248687712,"CE"
0.4688885145485445,0.4858009235779174,"CE"
0.3087041822659838,0.5700155569724747,"CE"
0.4765571230814617,0.8842969404778104,"CE"
0.3605822699122089,0.5486404417820501,"CE"
0.35235504913879095,0.5372883754730615,"CE"
0.46597472981332017,0.7570761414068058,"CE"
0.3524487973931457,0.5972508971519533,"CE"
0.4455800355482761,0.5736443231153868,"CE"
0.42009887415016506,0.6533692513039495,"CE"
0.2707814447018625,0.5690348514143634,"CE"
0.47394500420268515,0.7087374631484049,"CE"
0.33147689290914406,0.6517407863784929,"CE"
0.5935985878277695,0.6236016946580422,"CE"
0.16429658764783267,0.4652109526795993,"CE"
0.4469989937651168,0.7908988106988002,"CE"
0.3879707624942563,0.6518444832157471,"CE"
0.299683022643511,0.4707700999868958,"CE"
0.4221365274486703,0.4736587578024731,"CE"
0.5733579461203657,0.7745263626249936,"CE"
0.2553875087587383,0.4548548288863778,"CE"
0.30263634373695386,0.6476384823706327,"CE"
0.42951989037082705,0.5292776071822889,"CE"
0.3206368806341087,0.4109584036519729,"CE"
0.2516920864096609,0.5326081416076119,"CE"
0.3651229759682574,0.670271089261226,"CE"
0.3872482118955931,0.5401441535772249,"CE"
0.35969980621798947,0.47519529119509735,"CE"
0.37762807194681197,0.6614733145842926,"CE"
0.34628216480150403,0.4885547643453072,"CE"
0.3642605230026073,0.6243071810526385,"CE"
0.232527047059395,0.36161852449637194,"CE"
0.43767972443911984,0.7417616833647562,"CE"
0.37490952593967697,0.514783487242782,"CE"
0.46379470554352015,0.528018262107562,"CE"
0.4902538100866081,0.7032486017870212,"CE"
0.5004490712551437,0.7062866636084639,"CE"
0.3285038242570984,0.643455333847856,"CE"
0.30497105947558045,0.6164419476814417,"CE"
0.42864382750985536,0.5131395738941776,"CE"
0.3798306027441265,0.5719245340180155,"CE"
0.2951362978322943,0.49675151053565686,"CE"
0.43731753640188187,0.7125523963560776,"CE"
0.43690682616604004,0.6181699071529195,"CE"
0.5193398525849814,0.6101285506566986,"CE"
0.5829562876603277,0.8637589249379887,"CE"
0.30717550484645606,0.48568312852597106,"CE"
0.2626398855289461,0.554742698110309,"CE"
0.4098411807768851,0.5720518277718434,"CE"
0.2834553522359017,0.43228030624441366,"CE"
0.4205229401851582,0.5647975942747235,"CE"
0.29682546006837063,0.38204121523656953,"CE"
0.3632624811431044,0.645696680626286,"CE"
0.4160611287870181,0.67650762037312,"CE"
0.4575954302390296,0.6361709011529613,"CE"
0.41713523457225593,0.5320566213009672,"CE"
0.20465109934664197,0.40795165554482227,"CE"
0.44931841376636594,0.6297871891352813,"CE"
0.15691656832617926,0.3487379989038989,"CE"
0.2718663453469255,0.3781012370362705,"CE"
0.3404128147641695,0.5028266429704071,"CE"
0.4425601286202475,0.627756956269717,"CE"
0.4266560967773821,0.6093077379543453,"CE"
0.45713131770104803,0.5383908525959675,"CE"
0.28404908018713904,0.4985042344053482,"CE"
0.3662515166228908,0.6018973201980276,"CE"
0.2773783657614625,0.4650079911836399,"CE"
0.36936043031855015,0.7210920210995874,"CE"
0.486746214329052,0.6828042354397725,"CE"
0.2499696277083611,0.45989338319911804,"CE"
0.33219894147846024,0.5936394368010915,"CE"
0.23306971549620548,0.48290483127159367,"CE"
0.38784839318597686,0.5603170706279635,"CE"
0.3774432096157313,0.5932436560514616,"CE"
0.3712346405572077,0.5286265848880886,"CE"
0.46714354561603827,0.6547337503328245,"CE"
0.2591125115421126,0.3839336965673284,"CE"
0.5949484840700395,0.6777328708362655,"CE"
0.1839682928330041,0.4851123860669472,"CE"
0.3990539566557757,0.797524734426432,"CE"
0.2945655670877675,0.5073036434238342,"CE"
0.23637137171100908,0.3802569756543106,"CE"
0.4267175240684459,0.5309183260452739,"CE"
0.45583131200243143,0.7078767353274898,"CE"
0.4072077099833729,0.7689369490231142,"CE"
0.3154219069168337,0.49505921702518985,"CE"
0.3738346888945637,0.5242191733663992,"CE"
0.21089579557497837,0.36168555141507563,"CE"
0.2928025095731974,0.4347421269481607,"CE"
0.5079436356518063,0.6234052239725398,"CE"
0.4796719890388761,0.5793804994970349,"CE"
0.2748276034719416,0.5326950741239074,"CE"
0.536285415561747,0.5279837916620642,"CE"
0.38847386945688805,0.6423169909201305,"CE"
0.5093180341684443,0.7362456733556264,"CE"
0.52050892043959,0.7948594286835445,"CE"
0.28232115556734577,0.3231333604367508,"CE"
0.5396811570368647,0.7388812862564079,"CE"
0.5028012509732455,0.7884861551260358,"CE"
0.4691718909080135,0.6369297016828226,"CE"
0.49974326920742773,0.6907443937509311,"CE"
0.355833702491379,0.4735139605078363,"CE"
0.4514743333631315,0.7751682327577407,"CE"
0.41556129986508045,0.5387285182218569,"CE"
0.412549289554845,0.5155116765510911,"CE"
0.2879360353278282,0.5217625585375718,"CE"
0.26811984359607477,0.5428016528278499,"CE"
0.5152757666722815,0.585374726508144,"CE"
0.4864026738516811,0.669483326542137,"CE"
0.4258714084509705,0.8405331218104994,"CE"
0.32297081173200387,0.6329391736390472,"CE"
0.4391210889586751,0.7417407771075208,"CE"
0.4249708256321124,0.5489626081204073,"CE"
0.38822666483070123,0.682470323029752,"CE"
0.3866848954259785,0.5792801720203808,"CE"
0.4218258501415821,0.7412012569278985,"CE"
0.2906621173395537,0.7139678050474312,"CE"
0.379365866155426,0.5935498582773854,"CE"
0.45961271162004846,0.4053583356050713,"CE"
0.41031469841711105,0.6120644837156431,"CE"
0.31940805918645976,0.593983223117786,"CE"
0.5102561401750823,0.7488292660127362,"CE"
0.20881360351114409,0.5121978375569212,"CE"
0.41879872271458585,0.5191703204310081,"CE"
0.2995065323286662,0.5877246864062345,"CE"
0.4979585253741446,0.7061455687985633,"CE"
0.4194300544238406,0.6218208012205836,"CE"
0.29080415967796724,0.5263813751489483,"CE"
0.4780181168137912,0.6288846815733063,"CE"
0.3742963312762292,0.688710723184084,"CE"
0.5003859631744201,0.687220729349383,"CE"
0.20372268117245385,0.4929131729849582,"CE"
0.3960083635018248,0.6054009754272596,"CE"
0.34209595915144475,0.7138720479698024,"CE"
0.46636445370068946,0.7377602534184291,"CE"
0.3835459702441729,0.5030667538578767,"CE"
0.6005494094632093,0.7721878883701523,"CE"
0.3212742736279859,0.5575592202082895,"CE"
0.3067204218863266,0.6099324212978906,"CE"
0.5583961414797904,0.7740907709119562,"CE"
0.22577966995137874,0.42612134928461776,"CE"
0.48248344381098995,0.476153323207264,"CE"
0.3322937594450758,0.7873082545602168,"CE"
0.47728538724600783,0.7620007356342571,"CE"
0.5628004618301261,0.7459010816650352,"CE"
0.5595556312644788,0.6038405216097796,"CE"
0.36061504762587304,0.5601354025342954,"CE"
0.4520825160516895,0.6419798730285468,"CE"
0.5505486431692457,0.6283234238563272,"CE"
0.45073504753742744,0.5965224735741698,"CE"
0.2964648229538584,0.5233500129581699,"CE"
0.2738483984099762,0.6514956357973577,"CE"
0.3669324826746832,0.46218441224236406,"CE"
0.440468750181441,0.6822707297641561,"CE"
0.38632121764600635,0.5010483217990487,"CE"
0.4657440892311102,0.7255770463028497,"CE"
0.4130705585659507,0.6295376790151636,"CE"
0.49727670989869066,0.6603215146633407,"CE"
0.3077899471074897,0.5809597879074254,"CE"
0.5677691972000333,0.7172883957882906,"CE"
0.4740547718753553,0.8585983449117376,"CE"
0.35099401370877664,0.4418215709642761,"CE"
0.5892014680518521,0.7481238733705754,"CE"
0.3709004182111702,0.6373153242010393,"CE"
0.6469692120514654,0.7821779024265608,"CE"
0.5127916920122327,0.8745620355128514,"CE"
0.4095380651939155,0.5702425151292592,"CE"
0.3416182090571532,0.39322756751154825,"CE"
0.12471401492538797,0.2142064522827396,"CE"
0.4078088797297002,0.6574289323881386,"CE"
0.5114303855100775,0.5983441904204573,"CE"
0.5162214493976889,0.6890781615890051,"CE"
0.2528385785033466,0.6502354565822627,"CE"
0.4045781097284286,0.6246963056359505,"CE"
0.38630390222208427,0.6486281501570202,"CE"
0.217328991218456,0.505317446039903,"CE"
0.38103183482005065,0.5567671477520966,"CE"
0.27766895668013747,0.49171603462946323,"CE"
0.36986562818264523,0.6017344673461151,"CE"
0.500975939586996,0.5656082910749967,"CE"
0.40321763123516374,0.7163819512844967,"CE"
0.45529125605688664,0.5837168119687899,"CE"
0.4547899497699009,0.6225249116045256,"CE"
0.22353003279396752,0.5525901136771205,"CE"
0.36677957018329665,0.4557899628953395,"CE"
0.3908399917050253,0.5839427696587879,"CE"
0.42563427439768287,0.5540844612900031,"CE"
0.4713172763836233,0.6609618484770513,"CE"
0.390530210610246,0.6733747645074056,"CE"
0.28213139424902844,0.5372041903188778,"CE"
0.6889816170415618,0.7375975645215993,"CE"
0.34588293062497005,0.5680610235183174,"CE"
0.5518258651805645,0.7659057535075043,"CE"
0.4541928472284169,0.6129677900937266,"CE"
0.5760176394780819,0.7148685829891546,"CE"
0.244989282681899,0.522718169714704,"CE"
0.2471265995406848,0.5034511411171586,"CE"
0.2568546009152432,0.5379407271996587,"CE"
0.5237431129483268,0.5575670981308566,"CE"
0.3972394450554889,0.6439933815090616,"CE"
0.47201618993181016,0.5596377337996398,"CE"
0.4251241965101211,0.7126845196199767,"CE"
0.21458746437914186,0.3997614611134641,"CE"
0.46317152635641323,0.7043554789406805,"CE"
0.43812079426980644,0.6009543194470153,"CE"
0.37514608113930764,0.49561186236143817,"CE"
0.4816280018324324,0.6823566275158619,"CE"
0.29079280446603983,0.43833562543096594,"CE"
0.5026877757808585,0.7883051115548753,"CE"
0.5174965226917373,0.588815725121173,"CE"
0.4641695692225459,0.5948080266941348,"CE"
0.5375117190554818,0.9012190030091508,"CE"
0.352009460803442,0.5920489396317501,"CE"
0.37563060134537724,0.5541231701034478,"CE"
0.567837103639664,0.7049291656821632,"CE"
0.3534302075310937,0.682964478241625,"CE"
0.4215349973534765,0.5047324999147182,"CE"
0.41289076653419965,0.676417742031792,"CE"
0.47526164289980416,0.3291468365151462,"SU"
0.5192008685354591,0.21482020830563925,"SU"
0.5936579019999416,0.47406129445815803,"SU"
0.6565833634404015,0.3764587758810914,"SU"
0.8100050560468978,0.6269381094080024,"SU"
0.499442524480222,0.3201065199058835,"SU"
0.5200618387519992,0.4514065661479321,"SU"
0.4929308569070268,0.12237567413256972,"SU"
0.3726288489953973,0.3678927629704904,"SU"
0.6613313160662243,0.5811799401893059,"SU"
0.6987352389444609,0.359086773553732,"SU"
0.5334636502048098,0.3844106975536219,"SU"
0.3533677073132492,0.38358993137917513,"SU"
0.5222422165052277,0.2903551655207257,"SU"
0.5977801044141242,0.594996179247889,"SU"
0.6002342403219775,0.49693339807287173,"SU"
0.5496772664289372,0.48412599892634844,"SU"
0.5095822563881142,0.38741423742358433,"SU"
0.6009047459831424,0.28019182206611326,"SU"
0.5735530882957581,0.2556970659881991,"SU"
0.5875680809186312,0.3912313483127085,"SU"
0.5587398706650393,0.2211126663029669,"SU"
0.5881384919492929,0.5213204840967378,"SU"
0.5883685316894561,0.5280049338994617,"SU"
0.7591500629244395,0.4627452693925761,"SU"
0.43184794921123804,0.25499663809313955,"SU"
0.6851135533816234,0.34777024086709507,"SU"
0.7581734397095072,0.5227983571346072,"SU"
0.538039188245624,0.21829609410487927,"SU"
0.5471919560122513,0.34375449575726175,"SU"
0.4466062448090947,0.21947893808213365,"SU"
0.4106678354462075,0.282139868538985,"SU"
0.5577268212569834,0.42454503252905146,"SU"
0.6114706466750129,0.4113484636559026,"SU"
0.5794622947736795,0.6112015713624314,"SU"
0.7134141181151178,0.4739424600573136,"SU"
0.744354442513902,0.4891227448060526,"SU"
0.6958181302518205,0.49299485993771736,"SU"
0.7176704874035822,0.44377683787433825,"SU"
0.4945012515273733,0.333137506963714,"SU"
0.6295907727201566,0.5345816802086418,"SU"
0.6110341532206799,0.3616663747697819,"SU"
0.5090586291399236,0.2767701781511096,"SU"
0.5983415612742791,0.5906796774933026,"SU"
0.648648144060537,0.5804604190793334,"SU"
0.7663414154231333,0.9071829920729887,"SU"
0.5955647584149624,0.2829073274869006,"SU"
0.4500744462986175,0.3666261966326783,"SU"
0.6456006722955189,0.31187669016462194,"SU"
0.5579858167907983,0.22030369836693167,"SU"
0.6262708032913504,0.4947302127072459,"SU"
0.517162961198343,0.4090066937688341,"SU"
0.7214144765619595,0.5279632726688194,"SU"
0.8254009912302565,0.41959720602718076,"SU"
0.7507250080223321,0.35982001323437257,"SU"
0.6025371532020513,0.39547667314559326,"SU"
0.6193080164101143,0.5015587773760957,"SU"
0.5099420509766567,0.4011195062498508,"SU"
0.5239491787847534,0.4850073406322642,"SU"
0.6582536359369004,0.5024682762714312,"SU"
0.7091764022919959,0.5357606745150154,"SU"
0.6438993357514202,0.3509813186629228,"SU"
0.5874631471317745,0.3293777544061346,"SU"
0.7144126498186135,0.6346248274184086,"SU"
0.5969091579677199,0.18793119900178623,"SU"
0.6134176217682901,0.36018641180322386,"SU"
0.5025638905717087,0.435338431028999,"SU"
0.5775437621474551,0.4560780474574286,"SU"
0.50775391507773,0.1920793851182575,"SU"
0.7305917434879748,0.5330791916990775,"SU"
0.5670971715361416,0.20017311128689608,"SU"
0.8112061152815302,0.5494857790142208,"SU"
0.590026977148747,0.36243251617291994,"SU"
0.8817247350995048,0.522577520697953,"SU"
0.663493800405401,0.35636192592649135,"SU"
0.7967975774059876,0.44759512762628284,"SU"
0.49892514886555217,0.3915320394466223,"SU"
0.5793054276409465,0.3068153654816199,"SU"
0.5549456107837824,0.543228763941749,"SU"
0.6286292135765423,0.3225574897269098,"SU"
0.7178121418015639,0.5816284311463198,"SU"
0.48861910659032304,0.2333668166026062,"SU"
0.6571385354289699,0.20530672786165188,"SU"
0.5743349767047136,0.4071262451734271,"SU"
0.49485764421042944,0.33321566648429796,"SU"
0.7682525866239142,0.627570622840186,"SU"
0.4384888054611552,0.39107635515256284,"SU"
0.6474878250708058,0.32479088102178244,"SU"
0.5610358290206228,0.2656594569941816,"SU"
0.6134387618515502,0.19802817043711252,"SU"
0.5003398023087228,0.24982835977806425,"SU"
0.3995114457368646,0.22689561781838322,"SU"
0.6190350666138139,0.4226207453443047,"SU"
0.4582875168403451,0.5025681946872882,"SU"
0.6955140273208995,0.5033079472493346,"SU"
0.628741959270682,0.28177597328242193,"SU"
0.5675966659891506,0.40435884205552686,"SU"
0.5335228110327802,0.41366380609528663,"SU"
0.6048518154400592,0.565026368176545,"SU"
0.7329466198309429,0.5308020656263441,"SU"
0.6336004995277582,0.30226782272932373,"SU"
0.501878162870501,0.3112081000219229,"SU"
0.5329433829064917,0.4038648938875377,"SU"
0.3880482818972827,0.2157255019967783,"SU"
0.5118711258927336,0.22543284877805123,"SU"
0.5082588232481048,0.3182092874544983,"SU"
0.488449296368785,0.37093116276801924,"SU"
0.6306333186739888,0.40227792934125606,"SU"
0.581357863890798,0.5500039976974381,"SU"
0.5137589270109081,0.31589777974910405,"SU"
0.5181042208447852,0.45278110131122645,"SU"
0.5055139905184639,0.2904867162297847,"SU"
0.4436422110189805,0.2855803980173519,"SU"
0.5730830088703344,0.3668462752563955,"SU"
0.4397326692133251,0.3154096217358251,"SU"
0.8158744181270272,0.6210140502232142,"SU"
0.6671622663548876,0.4889378302018811,"SU"
0.5050917594549093,0.41607668542929926,"SU"
0.58187949724803,0.4891422438473408,"SU"
0.6602874872452984,0.3820942450685712,"SU"
0.5927578895890181,0.535474667633567,"SU"
0.5362828583446867,0.23695418807109886,"SU"
0.5211699217188817,0.35022168601250525,"SU"
0.6338422820711473,0.36471707504101053,"SU"
0.6406973116273885,0.5837978615468846,"SU"
0.6368629554361388,0.6301456859358995,"SU"
0.5832718090902996,0.34619511460997215,"SU"
0.5649794436329058,0.4272270516141618,"SU"
0.6424602775354056,0.5280099283430301,"SU"
0.6946076725960693,0.4925679444018603,"SU"
0.6550556891652939,0.5622372383558368,"SU"
0.6352131290926711,0.43163670600317433,"SU"
0.5975357048258244,0.25399354639080174,"SU"
0.46215200737814777,0.4482865521175668,"SU"
0.563114299019482,0.37158884226053396,"SU"
0.7345764426476924,0.6791269020998145,"SU"
0.6963762169031833,0.6427154776671093,"SU"
0.6114569371549852,0.32357017267780125,"SU"
0.5504768950565118,0.25631050022725743,"SU"
0.6805535735619997,0.40778236884291275,"SU"
0.7160673417191474,0.4952883236217743,"SU"
0.7163184455936593,0.4285111315624202,"SU"
0.7502697261137816,0.6164510231104383,"SU"
0.6597133348186942,0.5155485823968269,"SU"
0.5435572514099486,0.41971173763364295,"SU"
0.48848233167166305,0.44724213766027154,"SU"
0.7261691110380006,0.4199220283678288,"SU"
0.6120518779000329,0.3315877944710802,"SU"
0.5018945266015992,0.4122735688009525,"SU"
0.5759690313331127,0.44753609511792897,"SU"
0.5949060319984592,0.4144315674445092,"SU"
0.5976540463392759,0.3246413345503117,"SU"
0.522543664362277,0.3398245628630963,"SU"
0.6750426247916524,0.3528710544885234,"SU"
0.510202825610917,0.46296009927158144,"SU"
0.6673387601160833,0.4757396888838184,"SU"
0.8130598668093675,0.6199501102703856,"SU"
0.6402544541335059,0.4713435882025905,"SU"
0.5355965683415113,0.32651295816013215,"SU"
0.649302014389881,0.45190617522105614,"SU"
0.7887105698747349,0.4403903781150226,"SU"
0.5276942117192919,0.23136168320402162,"SU"
0.6817541112673866,0.45257624247939293,"SU"
0.5521080590790561,0.23988355206241355,"SU"
0.6692210761088389,0.6033325987829862,"SU"
0.5832051220357231,0.44752943340454154,"SU"
0.581974984676557,0.45918623148874693,"SU"
0.6143145770226061,0.4473104145953285,"SU"
0.38452785943706913,0.24576975448062638,"SU"
0.6583522517083603,0.45487845775354263,"SU"
0.31220612534102826,0.18264306983887443,"SU"
0.6184381251532984,0.4845701844818068,"SU"
0.5595207827127356,0.49455577350252244,"SU"
0.49462603347157186,0.37995076566941166,"SU"
0.5814206034579403,0.316344964142,"SU"
0.6514200724880956,0.551243357552425,"SU"
0.4399954312042147,0.2642236925195002,"SU"
0.7445063742268813,0.46256044645870364,"SU"
0.7136328186147,0.46150509067852197,"SU"
0.5127277169382808,0.24024896649606287,"SU"
0.747730420730716,0.5455256276148014,"SU"
0.47471152472128253,0.2580607117570741,"SU"
0.5922912799953317,0.539384389858258,"SU"
0.7191044948261189,0.5918094971505073,"SU"
0.6919545316625254,0.4645003174527437,"SU"
0.6427788358598044,0.48989231421514223,"SU"
0.631597094524518,0.46842920030967783,"SU"
0.6069013258284428,0.2172161816119344,"SU"
0.5332502522218433,0.47477941264690504,"SU"
0.5889923500318237,0.4035503014969649,"SU"
0.5588558982373829,0.41292399707001076,"SU"
0.6140427634097737,0.36005455567513706,"SU"
0.7294286810437232,0.3958140242514903,"SU"
0.43837249885754703,0.3332622965173534,"SU"
0.6988406935490137,0.3619326520874192,"SU"
0.752779498857614,0.4102307349155661,"SU"
0.5190650686437983,0.2512845877254763,"SU"
0.48164968685306336,0.34757768966853697,"SU"
0.5652077394170187,0.23027733967066316,"SU"
0.547545793752451,0.2906908831114382,"SU"
0.622257410474217,0.40541604370401363,"SU"
0.48657164712978196,0.2939645252249279,"SU"
0.6211492278237044,0.3339426836720076,"SU"
0.636296134828144,0.5715242995988141,"SU"
0.5466692443131401,0.2820161258128224,"SU"
0.5900393749964138,0.43815423749870536,"SU"
0.6519634800361674,0.4413714649097114,"SU"
0.4249530362129585,0.4498992429028531,"SU"
0.6625824000884452,0.6196324127027392,"SU"
0.5336444730131842,0.35012161786331675,"SU"
0.7166697579637091,0.5061134072493823,"SU"
0.36579573627337375,0.2873812437219583,"SU"
0.5072728796061958,0.4098447532307713,"SU"
0.4556233976916253,0.13468934940205124,"SU"
0.5342076750141764,0.4089940222082131,"SU"
0.45441859345010305,0.3592676226951099,"SU"
0.7170548968523833,0.5541428329716891,"SU"
0.6864636703072089,0.4249296253846628,"SU"
0.49599575492910764,0.2569603876052259,"SU"
0.4829042415631762,0.29152494404841206,"SU"
0.5819506504624808,0.3795595644607309,"SU"
0.5851636995909876,0.18281976547026016,"SU"
0.5073379194588615,0.3859824569525503,"SU"
0.4664229196050037,0.5079065365072808,"SU"
0.5632605997489133,0.40284143451254817,"SU"
0.6019381093584659,0.41825728749580204,"SU"
0.4940528892646358,0.22454606637587982,"SU"
0.58750569051085,0.33343937530216927,"SU"
0.6443477636076805,0.5372393343114176,"SU"
0.5305450326564144,0.32575412441629503,"SU"
0.5688011486951796,0.2767827222145478,"SU"
0.5505235798364512,0.3315050900564971,"SU"
0.49285879282976586,0.23285566878155112,"SU"
0.7157921864696825,0.4290319667628505,"SU"
0.6572940544194082,0.3115930367705124,"SU"
0.5735433522978072,0.3461206750218641,"SU"
0.5649561566440781,0.4988987797029646,"SU"
0.5528722195888699,0.4755073312409356,"SU"
0.5820627154214674,0.551492463870445,"SU"
0.5016210175977602,0.42642204094363506,"SU"
0.5561114151880031,0.4224566335650512,"SU"
0.4840084015346278,0.4100216649836661,"SU"
0.7390408942380414,0.5657574526569333,"SU"
0.6863232519330094,0.556891984329638,"SU"
0.4141337523068638,0.31856348195645684,"SU"
0.6378286687825331,0.28441385870341707,"SU"
0.6163424744934252,0.3243688211317686,"SU"
0.652020978597595,0.5577108694051577,"SU"
0.5503832425725521,0.4444371051975547,"SU"
0.6499607952319981,0.4947664338527346,"SU"
0.6780436522784017,0.3880138356060808,"SU"
0.45817780575547273,0.28239568661622416,"SU"
0.5331906206929278,0.45266671652339874,"SU"
0.5429598200711196,0.3154695746300526,"SU"
0.7489138905151795,0.48522776097415354,"SU"
0.7336315250533645,0.4508498647094799,"SU"
0.6443688043691386,0.4517457573865076,"SU"
0.5109118225828881,0.3666701801662371,"SU"
0.5216564585592591,0.45537589231290393,"SU"
0.8480616865378717,0.7225665336220596,"SU"
0.7752248863136486,0.5650997422172792,"SU"
0.5367844548962405,0.24057848851615227,"SU"
0.5658480114028647,0.48739345962741804,"SU"
0.5107612773840766,0.4920737323609561,"SU"
0.8074660542485151,0.5786829332468298,"SU"
0.7551690623270941,0.393841611304415,"SU"
0.5009303254807999,0.3683944844400285,"SU"
0.41225771196656635,0.3002780591317205,"SU"
0.7030979855386951,0.628798129379865,"SU"
0.5704284422511856,0.09361745076939443,"SU"
0.4267574880844085,0.3548771373378399,"SU"
0.634093440091076,0.28824376213221065,"SU"
0.3795549852955178,0.28285653081243123,"SU"
0.5348474151636484,0.4001655133190315,"SU"
0.8039821737129214,0.49543971308464485,"SU"
0.5587948314840409,0.41335565365110405,"SU"
0.5464856579077688,0.5845498900899266,"SU"
0.6332476853213885,0.4184452835076093,"SU"
0.44185308228444875,0.35572671276398693,"SU"
0.6078930146939037,0.5053908690449578,"SU"
0.6209499790588009,0.46428508163598275,"SU"
0.49022420115711973,0.35323175822292824,"SU"
0.5469778907971401,0.17564309443828416,"SU"
0.3745549702626131,0.14120384544511627,"SU"
0.6324954328382746,0.47616191942714053,"SU"
0.5641942294212444,0.39332484017684183,"SU"
0.7040390554659497,0.5466598487619481,"SU"
0.690179827991065,0.5171719618519881,"SU"
0.5404838155217628,0.4382084095950793,"SU"
0.6464741478428964,0.4284500232142851,"SU"
0.6097459843554026,0.28099076282348606,"SU"
0.528512564125392,0.3635221531035887,"SU"
0.50266340328704,0.2300938182841601,"SU"
0.6541564893943853,0.35955547666501836,"SU"
0.5905555588097933,0.3845706005389463,"SU"
0.5324779820602954,0.4533406192804661,"SU"
0.6437105354850031,0.6008271749942004,"SU"
0.6790542224364938,0.4425669326459849,"SU"
0.6157103173614286,0.4861663602517685,"SU"
0.412460362308672,0.21323183797066128,"SU"
0.7448174455043259,0.40262811947904076,"SU"
0.6910423009633149,0.42282296789043544,"SU"
0.7231133485131932,0.3574885596440183,"SU"
0.5640189654360178,0.4941735560568081,"SU"
0.6664811364379175,0.49443067476911684,"SU"
0.7076305264315915,0.31811939052320787,"SU"
0.6901835082641226,0.501521562135067,"SU"
0.744063354105271,0.48245996859021617,"SU"
0.6104807102927804,0.4830629852423647,"SU"
0.5792251394336495,0.3155790509340401,"SU"
0.600216762026335,0.31054221460721354,"SU"
0.5354593215946543,0.6237914372392888,"SU"
0.4570284728475166,0.08150694577938566,"SU"
0.5971078638031712,0.5139989706939884,"SU"
0.4720147779861358,0.3570984542877665,"SU"
0.7005700203862087,0.459693688737492,"SU"
0.5714693329409106,0.48804375688881346,"SU"
0.4880979915908965,0.250387430410525,"SU"
0.6746883338985905,0.4594786605396822,"SU"
0.5855849927532956,0.23197427230607093,"SU"
0.5185058954558353,0.5166424066653975,"SU"
0.5033726436895574,0.41256574756568715,"SU"
0.6481475747178217,0.46106014779160254,"SU"
0.512190421569387,0.33658902554241,"SU"
0.5639791442246932,0.3735677550939019,"SU"
0.5652618640003303,0.5117556979763052,"SU"
0.5309775678220703,0.19184774209572275,"SU"
0.6198996536970396,0.45530875018759265,"SU"
0.49936046732970707,0.19558150044552627,"SU"
0.5294611291298748,0.28020296475925743,"SU"
0.6315732029153162,0.330635470547464,"SU"
0.6697971397736182,0.3028038937144914,"SU"
0.7505737410913081,0.29039205854700734,"SU"
0.5820271730295894,0.2759579928371194,"SU"
0.6770930250507168,0.24629143499136394,"SU"
0.5604707002312951,0.0814702389952992,"SU"
0.4937902442519684,0.1535461829856295,"SU"
0.6570153750888478,0.4731708951674869,"SU"
0.5636451377564706,0.30714052087409055,"SU"
0.6260268920220696,0.4230787812867829,"SU"
0.43442971064855285,0.2680294383972944,"SU"
0.5501168632092341,0.2069846397247434,"SU"
0.6007186587359078,0.4143850192925298,"SU"
0.6413206343545035,0.3269946231765797,"SU"
0.5856737716504724,0.3557077890296135,"SU"
0.6361950356446664,0.3434945145031292,"SU"
0.6447724328904553,0.4937681448969348,"SU"
0.6798053279569579,0.3959453115322325,"SU"
0.49849260487549346,0.32179064358319764,"SU"
0.5694617452715205,0.4461863701352349,"SU"
0.6605021174493018,0.5332284990783305,"SU"
0.5390495634913202,0.4097272310040313,"SU"
0.6429550227710558,0.3104646576321381,"SU"
0.5730088549965929,0.2662871578921704,"SU"
0.7150163800686584,0.4549190024732127,"SU"
0.6131634994244549,0.40058387200728246,"SU"
0.6841388535407841,0.3424369584093488,"SU"
0.5921072842330115,0.23352962133822872,"SU"
0.6189088511073947,0.47620235047623016,"SU"
0.6568500572401564,0.3328135750007678,"SU"
0.8933113231896265,0.5805724418964215,"SU"
0.5152941646894846,0.41168750818466593,"SU"
0.41908268241900615,0.4075016443045105,"SU"
0.4686609107484702,0.15460685584314177,"SU"
0.6426830546906981,0.33541601939513976,"SU"
0.6030290024153395,0.3644888626881965,"SU"
0.6786087358123027,0.4615913945918936,"SU"
0.4862456392948908,0.22097163810954534,"SU"
0.49319463017121074,0.4154892492721738,"SU"
0.48863984093902635,0.43671264773320173,"SU"
0.4498267185589682,0.2406864295708972,"SU"
0.5356076388288884,0.32246324959570644,"SU"
0.5062536046871724,0.43612360112666376,"SU"
0.46161908418815445,0.39287597832333615,"SU"
0.5243579636196757,0.35195159449456,"SU"
0.5149364043542954,0.26110364593543123,"SU"
0.6780959582684697,0.38805536306318106,"SU"
0.6443100367390482,0.5938394064739836,"SU"
0.65989780365134,0.30262442267674006,"SU"
0.6746595952240655,0.48424349050022797,"SU"
0.5704229711177086,0.3696236760721909,"SU"
0.5097714365647609,0.37360881741387764,"SU"
0.5522628810917798,0.35060214336135265,"SU"
0.8379889054956371,0.6984454189723747,"SU"
0.713715744289707,0.43490029123789786,"SU"
0.45000087479200784,0.19742253842162388,"SU"
0.6851266586769734,0.4906536751952798,"SU"
0.7299327049021608,0.6201310175610892,"SU"
0.6483897000702523,0.5315496658990501,"SU"
0.789473969627043,0.5208748849710957,"SU"
0.5748875277435791,0.36717988715667843,"SU"
0.5009387937725387,0.08550268952247919,"SU"
0.8442076788754266,0.5624499803596346,"SU"
0.6116077137145343,0.2898146456401133,"SU"
0.8398906559046483,0.5506130815610135,"SU"
0.7890926906164536,0.48061244095527267,"SU"
0.7328410259609253,0.6551522053673665,"SU"
0.505012282240799,0.2894139246638523,"SU"
0.6943065610720724,0.38468360782441147,"SU"
0.7843370440890395,0.537083415386758,"SU"
0.6115108191338992,0.20067826057475247,"CS"
0.9145211589762472,0.3699406624502254,"CS"
0.9124508798349917,0.495656632710735,"CS"
0.8448448885821346,0.23271690850617907,"CS"
0.8848193304206898,0.1124316144362066,"CS"
0.8929060380650068,0.32802386323537247,"CS"
0.8596720079356055,0.2989522994586383,"CS"
0.8302680908243463,-0.013907210879629733,"CS"
0.7269946719149921,0.1102073903604775,"CS"
0.7684710090807402,0.15578773259764997,"CS"
0.8484680547661171,0.0177626366790804,"CS"
0.7045571177749206,0.26789205074592254,"CS"
0.6889557027726372,-0.08652326122117782,"CS"
0.8744265074147463,0.30037729643209815,"CS"
0.8635237579947881,0.14058578938519017,"CS"
0.8190747564696245,0.19227216501355598,"CS"
0.7727885693854856,0.17174876750018772,"CS"
0.7595989097084922,0.1004543185552947,"CS"
0.7989905257792413,0.2230021016645134,"CS"
0.794118350936321,0.29784668006697557,"CS"
0.7188843419469129,0.34728692154896473,"CS"
0.8740093573937063,0.038522581850880144,"CS"
0.8667541671996349,0.3173873586766353,"CS"
0.888388015391177,0.3215236414188859,"CS"
0.729063335335597,0.14253912060289248,"CS"
0.7975694819049979,0.25631226349985203,"CS"
0.7777026454686178,0.30555510473329295,"CS"
0.8701106022364153,0.15963645638890464,"CS"
0.9496064172181115,0.09379356376519712,"CS"
0.803396803952626,0.2648386099104463,"CS"
0.8125016866762915,0.11400668334002273,"CS"
0.8194675101314727,0.30007878269995053,"CS"
0.8400298202913191,0.07233806455104896,"CS"
0.8328687772847283,0.3363381455502793,"CS"
0.7618226104922659,0.14723994438534202,"CS"
0.7557969134807401,0.17894051516838894,"CS"
0.8024504938283824,0.27473409273861515,"CS"
0.8366658536386529,0.034415380888562636,"CS"
0.8981205912411592,0.3749698354338524,"CS"
0.7827370387266018,0.2324656716337267,"CS"
0.8072347581040863,0.25967622039427823,"CS"
0.9542152270696345,0.17515349419972306,"CS"
1.0030061349453647,0.4060296319939924,"CS"
0.7020720371877504,0.20767119488293168,"CS"
0.828881556696316,0.04209739459877948,"CS"
0.899194699648381,0.2983339319513086,"CS"
0.6777860183290731,0.1985808532116293,"CS"
0.7625571046626518,0.11331554928784801,"CS"
0.7964597223578407,0.11058777726039629,"CS"
0.7177923549073486,0.07814032337550146,"CS"
0.7899204485417276,0.10726254661748513,"CS"
0.7913365541429436,0.07687464190032672,"CS"
0.8996526247597433,0.12422271808293985,"CS"
0.847640480278348,0.1736278861040542,"CS"
0.9163610864572862,0.36749812042216545,"CS"
0.8028847345688602,0.11112808014952866,"CS"
0.7579175720589456,0.20022339515155532,"CS"
0.6829733312569269,0.1975958806307731,"CS"
0.7482184055729151,0.1624652599662051,"CS"
0.71587829448743,0.1807843953089106,"CS"
0.7058193368596957,0.22424626793165955,"CS"
0.8103348662154604,0.10401901794744645,"CS"
0.757307428146717,0.2582425634703211,"CS"
0.7133777238953273,0.2348343923900521,"CS"
0.8093206031169893,0.14958767266671913,"CS"
0.724998252736594,0.20987616545442062,"CS"
0.6833398281488101,0.24867478429532558,"CS"
0.7347969323849435,0.247871196708506,"CS"
0.833469659246608,0.17311025446709627,"CS"
0.706304488001303,0.22753858108668729,"CS"
0.8193678239573812,0.12892847960516984,"CS"
0.8920689420557213,0.21452984556315535,"CS"
1.0507699782601658,0.24613233533321718,"CS"
0.7876168732624397,0.20359856887819908,"CS"
0.7182236937990096,-0.020524201023519734,"CS"
0.7367501691146731,0.3917141544052517,"CS"
0.6803363434460221,0.26891662536711913,"CS"
0.7925026579958545,0.15013770478017188,"CS"
0.8420397392371223,0.13593279632798894,"CS"
0.7674720964062468,0.17833397110167773,"CS"
0.8507829783666528,0.23747252370585537,"CS"
0.9202852902039131,0.3359193505872646,"CS"
0.874601543111228,0.2979785747407051,"CS"
0.7321060726604189,0.2472136172884665,"CS"
0.6924965398324865,0.29591771804371153,"CS"
0.8686220029281113,0.2565180582264685,"CS"
0.7489667492283313,0.1036229556489239,"CS"
0.7516676821697087,0.032392035247558904,"CS"
0.7292429922931672,0.12473207224240937,"CS"
0.8433092063947816,0.1847906907473252,"CS"
0.8033342812348256,0.05621648641974489,"CS"
0.8775846645993205,0.3523131040725478,"CS"
0.9656271996409892,0.25871005026510274,"CS"
0.7967404906695292,0.029997725552670412,"CS"
0.9915888154118953,0.3681190180729477,"CS"
0.578760873260753,0.17449951927487783,"CS"
0.7962211365033837,0.12596386983906915,"CS"
0.6783946207400879,0.09312089631036277,"CS"
0.7325902004378456,0.38751304788626023,"CS"
0.851425262058936,0.19209790309855126,"CS"
0.7325650584098724,0.25567923437523526,"CS"
0.8587441923605579,0.16096286264151544,"CS"
0.8064976667582308,0.33847359607944344,"CS"
0.8166670796039112,0.21138455000979198,"CS"
0.7822751306388798,0.31172754767542593,"CS"
0.7250032640257215,0.4088335161347305,"CS"
0.863001869726098,-0.029143164116755965,"CS"
0.8657256393235543,0.241265657527201,"CS"
0.9090497541670429,0.26139384927340104,"CS"
0.6584867612400254,0.2235057862056259,"CS"
0.7978116076820255,0.3426627024470259,"CS"
0.7377154495549747,0.22142133782486373,"CS"
0.8420900034482256,0.2637514762932136,"CS"
0.730300205536111,0.12104877387877319,"CS"
0.8207793516197907,0.05396226716636218,"CS"
1.0108756705208064,0.19199340428355974,"CS"
0.8503557092438402,0.2841327285559301,"CS"
0.861653297049238,0.2116949651630191,"CS"
0.8337142100328601,0.2071897483793319,"CS"
0.5496229933334772,0.021176180319973453,"CS"
0.9548310059299716,0.18691283633911737,"CS"
0.8888079875090947,0.31782917344682127,"CS"
0.9498187995263874,0.23908745618113325,"CS"
0.8349621638417739,0.25167632385068284,"CS"
0.7208308162704904,-0.0014539964978891318,"CS"
0.9146958113513144,0.2999976086674805,"CS"
0.6227480890848314,0.1713356936782579,"CS"
0.7590394201027887,0.0517906300796189,"CS"
0.6630270174445136,0.16094741130615609,"CS"
0.9672097239238114,0.32790882424415313,"CS"
0.5488815370181237,0.08140267486063368,"CS"
0.6555300211903324,0.07103798823565607,"CS"
0.7639598144674375,0.147497878171704,"CS"
0.7187086449414093,0.22903415363161442,"CS"
0.8766646287935211,0.267669012173096,"CS"
0.8789138766793458,0.3524550543665178,"CS"
0.8541386631062361,0.26974923972771214,"CS"
0.9173849673972844,0.22847291455394272,"CS"
0.9580540797684562,0.34880008868271273,"CS"
0.7331065564936587,0.24625153806321762,"CS"
0.8060244237730776,0.09605052658166192,"CS"
0.8004197989804773,0.3257175327444816,"CS"
0.7924399988152229,0.01867112352134681,"CS"
0.8609242351412231,0.2492774672689938,"CS"
0.8559447441844863,0.2294835283345851,"CS"
0.7005945559408785,0.20938379963364234,"CS"
0.5781533226634086,0.142998843696176,"CS"
0.8358702954396324,0.2638766751848931,"CS"
0.7964818046651784,0.29644862123416893,"CS"
0.8217162708799235,0.08010172246548339,"CS"
0.6697328638346901,0.14539639205646493,"CS"
0.7718194355501651,0.3621107031761669,"CS"
0.9271937784717252,0.40903514889350434,"CS"
0.9017170407746342,0.17323469910642786,"CS"
0.6900053458457474,0.08814976967078045,"CS"
0.7327786850585759,0.20088234503396152,"CS"
0.8214055575865492,0.2810580252604165,"CS"
0.9014167013472636,0.2781885962048302,"CS"
0.8552878119212969,0.03764391133013395,"CS"
0.7023576919620926,0.15267997340199077,"CS"
0.7930050926987855,0.01247641450805037,"CS"
0.8497414512722143,0.33063044093596156,"CS"
0.8605698792861307,0.39650766140454824,"CS"
0.8580140473952181,0.08836538412502823,"CS"
0.8060273114504312,0.12765476923639912,"CS"
0.737252211219037,0.16016515177044763,"CS"
0.7198782637755287,0.20801231705192408,"CS"
0.6851034857947079,0.2585593918969352,"CS"
0.8038754496651448,0.37802666584459454,"CS"
0.8606902987262394,0.1307458680757143,"CS"
0.9078944082751448,0.3575033930815733,"CS"
1.0271351794319463,0.4166168271953249,"CS"
0.6090959063429345,0.016874145403423302,"CS"
0.8203860141538626,0.2187672191269714,"CS"
0.8637778370495282,0.2929111646326391,"CS"
0.7229451850910279,0.13819076415606849,"CS"
0.8264384783184662,0.13340340158359093,"CS"
0.9300598022718058,0.2553408958686393,"CS"
0.938408329083942,-0.0013916732334576243,"CS"
0.6837956805107318,0.19760375661227358,"CS"
0.7842264662637419,0.13336637077334113,"CS"
0.7465532340595137,0.045399983832171725,"CS"
0.8824170710123296,0.15786961118999343,"CS"
0.8525096345169539,0.13549751331557158,"CS"
0.9066516358784522,0.3311446076903287,"CS"
0.8098748326125698,0.19211266554529896,"CS"
0.8138563423217186,0.13196215579188847,"CS"
0.9076502742714998,0.260180555354648,"CS"
0.7493992591988904,0.05010100523283409,"CS"
0.9045387151756142,0.21916531141784695,"CS"
0.8703863441768255,0.29310215871218115,"CS"
1.050529144268102,0.3657415873749502,"CS"
0.7995462784453807,0.08688564697179779,"CS"
0.6968506162342307,0.20165618977487415,"CS"
0.7854755072655814,0.2936023658255307,"CS"
0.9770427826602431,0.38557546078258276,"CS"
0.8154603162237714,0.2638238023901993,"CS"
0.863198264314704,0.09954025992944904,"CS"
0.6520846368499146,0.13483762142713007,"CS"
0.8952789253935435,0.12215344475222052,"CS"
0.9001861693171984,0.22136466870038446,"CS"
0.8325161657626419,0.043190311794843644,"CS"
0.8355876018371582,0.09421480393776141,"CS"
0.9167359549438511,0.3136816534159884,"CS"
0.8466601843233279,0.15663994518567592,"CS"
0.8206899138021337,0.21829218616068918,"CS"
0.6021307340404258,0.21369124383358143,"CS"
0.676200789450582,0.18698331810240376,"CS"
0.6807799792798257,0.1927514880319382,"CS"
0.8540694980012083,0.21864020758349675,"CS"
0.7348536910943093,0.14701669866273698,"CS"
0.7866855637869892,0.2019853438288574,"CS"
0.8604412251202288,0.2792916556009618,"CS"
0.7803751549863918,0.21014648870414354,"CS"
0.7745406574527478,0.11441571169309578,"CS"
0.8259222546638368,0.06186618164132668,"CS"
0.8444370209267565,0.3608663321889537,"CS"
0.7677453695319888,0.19629469637041727,"CS"
0.6684553471234825,0.2400169738229666,"CS"
0.9211962561935363,0.3835608134973195,"CS"
0.6581575890349675,0.11488722945671241,"CS"
0.8098429954566781,0.25530831663799247,"CS"
0.8240705142788257,0.21258966735022328,"CS"
0.6645132808652249,0.012083085005694744,"CS"
0.910503525170234,0.3263618969435522,"CS"
0.7902948966662606,0.29470058478445016,"CS"
0.7770143304117976,0.3064851749223255,"CS"
0.8257381253271157,0.12375081496535405,"CS"
0.9567558197034514,0.28188060828434014,"CS"
0.7473281503285166,0.2843124858504328,"CS"
0.8139348748824515,0.18515457057100906,"CS"
0.8484608367039078,0.16898578568996808,"CS"
0.9531167708108206,0.28815278123066124,"CS"
0.8088214078181934,0.25609965878272023,"CS"
0.7048627800233171,0.18744307066164564,"CS"
0.7557408557974218,0.21844971698280063,"CS"
0.7885761352913336,0.21859263807557194,"CS"
0.8899181323333389,0.04824564341820581,"CS"
0.7435037297812315,0.09005577302769019,"CS"
0.9408271049152841,0.2185950461611353,"CS"
0.6216100094553416,-0.012866632627956731,"CS"
0.7831195029648264,0.23715753199549505,"CS"
0.6587126541361371,0.028881069312351376,"CS"
0.7606732632271199,0.1856708920432784,"CS"
0.8907903536687631,0.2159568446867571,"CS"
0.9501817811269911,0.20645510523144575,"CS"
0.7934536475816221,0.2884887923486223,"CS"
0.8629220100724057,0.3448349374643004,"CS"
0.9359949787449702,0.2961117165573145,"CS"
1.019662594265943,0.4764127030477556,"CS"
0.7156614886477994,0.10065156863726185,"CS"
0.5746345488595292,0.06976736313078347,"CS"
0.7467861745982296,0.31764734651127013,"CS"
0.7781292453577111,0.3224243386963542,"CS"
0.6627546685537943,0.1994460600541898,"CS"
0.6237302576505425,0.11473474338664207,"CS"
0.6186318182544001,0.05763955597887868,"CS"
0.6997426302096154,0.10950639565878967,"CS"
0.7073041904223885,0.04192717130645501,"CS"
0.9363685471718184,0.21877772354990765,"CS"
0.760212506321415,0.3214761870425515,"CS"
0.77229077207891,0.24890942759915943,"CS"
0.8313107952154296,0.10946351803320485,"CS"
0.8999751902511766,0.26578846118069543,"CS"
0.8918751617428873,0.2921044889107035,"CS"
0.7428356589317788,0.22032777954515853,"CS"
0.6353399474267581,0.0550418540274685,"CS"
0.6341872117872265,0.08296477891532474,"CS"
0.8047934778202096,0.26302519738682806,"CS"
0.832087592507378,0.1005493329460485,"CS"
0.9080375409096665,0.4649135858389688,"CS"
1.0476826165129416,0.3408916050650663,"CS"
0.733834511095115,0.10021682484080807,"CS"
0.7621938455414774,0.1680282302910125,"CS"
0.7332632912718179,0.005592006393999427,"CS"
0.8004152224309614,0.31474892201519705,"CS"
0.7334393015788475,0.25157110373783864,"CS"
0.865391459880773,0.24992585577175108,"CS"
0.746566356813067,0.23113286325797622,"CS"
0.6885145508557603,0.05422677913240859,"CS"
0.8181733887507752,0.0852618106029552,"CS"
0.8165001307965647,0.2713977053039888,"CS"
0.8899817563384818,0.17030242314280264,"CS"
0.7206649280537711,0.17658918570635287,"CS"
0.6362976738606447,-0.1742321367868711,"CS"
0.744660090485128,-0.03652395385217591,"CS"
0.8296593786455665,0.23510279047821175,"CS"
0.6955200115810138,0.04936806130005994,"CS"
0.7792062895533354,0.1651969339071158,"CS"
0.8775914285839805,0.2217917316586569,"CS"
0.7579158539397486,-0.09228463833470119,"CS"
0.8058363422389891,0.18835940905559195,"CS"
0.8884918614355547,0.16824119315707867,"CS"
0.8363019728660822,0.1628486299861559,"CS"
0.8414856952385398,0.17033026915407154,"CS"
0.6762651129257288,0.25549106401187777,"CS"
0.8437357831282624,0.22317705124512083,"CS"
0.8720682025749708,0.26598251493031394,"CS"
0.892888779026776,0.14771811037095373,"CS"
0.5856067137601288,0.18949623397369753,"CS"
0.6551018543713344,0.13788688750665806,"CS"
0.7026245075989268,-0.21240388050468512,"CS"
0.8346218473799522,0.23833185612743613,"CS"
0.9876077854599872,0.25511367158260195,"CS"
0.8758099702428352,0.2347657979677561,"CS"
0.6445458781900499,0.10682105342491997,"CS"
0.6902431014443338,0.23793055590002465,"CS"
0.915693406337292,0.2625572749188732,"CS"
0.8308286740108327,0.22932410026246938,"CS"
0.6643487297992711,0.16892846731576888,"CS"
0.6499378154359411,0.09709461679325025,"CS"
0.8208173555277085,0.12808202126916018,"CS"
0.7583962826219637,0.19687791736978133,"CS"
0.8331648164790953,0.12518131826074474,"CS"
0.6591308089636931,0.1435053924580032,"CS"
0.6606267277419919,0.17256785347215847,"CS"
0.8230925511858218,0.22752616494152808,"CS"
0.9284223266458065,0.2706205598448932,"CS"
0.8142825879161908,0.34589095007212706,"CS"
0.8593770731280157,0.23639587981210303,"CS"
0.6023364539564382,0.0556252834845381,"CS"
0.8479723496668455,0.1933289852867097,"CS"
0.934956767868593,0.3720426371184005,"CS"
0.6553149731463468,0.11984422576823502,"CS"
0.884733664823106,0.18207371150228613,"CS"
0.8696348007425201,0.2128859034366484,"CS"
0.8185350861717497,0.2607718823330103,"CS"
0.8017754698364703,0.28452268039505285,"CS"
0.6467529772637222,-0.004514348133533408,"CS"
0.7267162690122613,0.1804719972229939,"CS"
0.8294938460754993,0.13938164694979246,"CS"
0.894966362173237,0.24009911817175794,"CS"
0.7622999028520749,0.08169895526066245,"CS"
0.773917404914705,0.11099718974192418,"CS"
0.9000579543564944,0.20055250124130564,"CS"
1.0057570144104906,0.3231267550742891,"CS"
0.935790514024485,0.2722132315598937,"CS"
0.7028619785108831,0.1572363602466793,"CS"
1.0188705643805587,0.32101545122094005,"CS"
0.7831684049058577,0.27426791478808105,"CS"
1.0103525614407927,0.34290030105714103,"CS"
0.8645301616133251,0.255328857157064,"CS"
0.8503179799663396,0.14438432043240387,"CS"
0.6557006290661374,0.14307559230988257,"CS"
0.8383484123960988,0.1884664549176163,"CS"
0.8332788432419325,0.24000646837856898,"CS"
0.7086828297032026,0.11808708345865403,"CS"
1.1151870535510637,0.3888578191188915,"CS"
0.7138638955209712,0.03155348531335439,"CS"
0.8545480276631139,0.2611058314788318,"CS"
1.1139334543246204,0.34495204599792284,"CS"
0.8602769705525628,0.23308111129505066,"CS"
0.8021228805207065,0.3493739700567045,"CS"
0.7675023754530964,0.17344167951917805,"CS"
0.6598097809408164,0.4053520116614462,"CS"
0.806307397513359,0.295364382343245,"CS"
0.635435837444087,0.0713140167482812,"CS"
0.639373347598844,-0.044303019783301756,"CS"
0.7764181996432589,0.24334148418264642,"CS"
0.9319583051562785,0.3193487058773182,"CS"
0.7675064002102587,0.24854130943601138,"CS"
0.6371287603448477,0.055964690314788845,"CS"
0.7583692830608492,0.2934840034661763,"CS"
0.7210873017529361,0.2264164651390016,"CS"
0.9750585773553482,0.2449003181009773,"CS"
0.725826374675095,0.12954036429172197,"CS"
0.8155951303682372,0.1914620654699222,"CS"
0.8432025641602814,0.41893019669414483,"CS"
0.64395050254148,-0.0029159388910452444,"CS"
0.9189363908791088,0.2946427179686695,"CS"
0.6233412756687158,0.044023984412014744,"CS"
0.7084824629323935,0.003830371425136231,"CS"
0.8176318522990985,0.3357440004977915,"CS"
0.8308764951650758,0.3921718271132407,"CS"
0.800945733892717,0.2958754146635669,"CS"
0.7657773530575542,0.31757189980420863,"CS"
0.7041388207419036,0.22260477975428605,"CS"
0.9138005492027772,0.1684279628979293,"CS"
0.7692126758773121,0.15702054134027182,"CS"
0.9160451304490654,0.22726936937265832,"CS"
0.6843641290028156,0.2588867266481789,"CS"
0.6522443897413249,0.12533422972256958,"CS"
0.8463728563433773,0.3776950643618229,"CS"
0.806011275634335,0.14797963321287308,"CS"
0.925420846691567,0.3080176708961925,"CS"
0.8268163808509974,0.16398784863112656,"CS"
0.7467684568793712,0.2541607777309891,"CS"
0.8297397768895862,0.12879691920077938,"CS"
0.7914967661365175,0.3718674262467815,"CS"
0.9652690942844887,0.3667060374723575,"CS"
0.6674210858848058,0.28570264962287284,"CS"
0.8535455426002094,0.23105450172868852,"CS"
0.6111214452191646,0.044924013415620745,"CS"
0.7364285201081133,0.12477790977920523,"CS"
0.7178574473983425,0.15688567373807707,"CS"
0.6767225377565455,0.1217614259094239,"CS"
0.7194972450479795,0.16029372731414954,"CS"
0.7042379640744248,0.014049305080726993,"CS"
0.7363953452893313,0.08189832694989671,"CS"
0.6962335532301467,0.0721467221546826,"CS"
